{"cameraMode":{"drawMode":0,"name":"Shaded","section":"Shading Mode"},"sceneLighting":true,"audioPlay":false,"sceneViewState":{"m_AlwaysRefresh":false,"showFog":true,"showSkybox":true,"showFlares":true,"showImageEffects":true,"showParticleSystems":true,"showVisualEffectGraphs":true,"m_FxEnabled":true},"in2DMode":false,"pivot":{"x":-26.103439331054689,"y":52.275909423828128,"z":77.98999786376953},"rotation":{"x":0.11821341514587403,"y":0.3240335285663605,"z":-0.04084867611527443,"w":0.9377472996711731},"size":26.56781578063965,"orthographic":true}